{
    "GalleryImages": [
        {
            "ImageUrls": {
                "SizeLarge": "https://photos.smugmug.com/My-First-Gallery/i-v7C3FzD/0/8fa39646/X3/0005500-R1-E006-X3.jpg",
                "SizeThumb": "https://photos.smugmug.com/My-First-Gallery/i-v7C3FzD/0/8fa39646/S/0005500-R1-E006-S.jpg"
            },
            "OriginalHeight": 1228,
            "OriginalWidth": 1228
        },
        {
            "ImageUrls": {
                "SizeLarge": "https://photos.smugmug.com/My-First-Gallery/i-GbPVPKD/0/c5567d16/X3/0005500-R1-E007-X3.jpg",
                "SizeThumb": "https://photos.smugmug.com/My-First-Gallery/i-GbPVPKD/0/c5567d16/S/0005500-R1-E007-S.jpg"
            },
            "OriginalHeight": 1228,
            "OriginalWidth": 1228
        },
        {
            "ImageUrls": {
                "SizeLarge": "https://photos.smugmug.com/My-First-Gallery/i-ggVwBfZ/0/8a4a848d/X3/0005500-R1-E008-X3.jpg",
                "SizeThumb": "https://photos.smugmug.com/My-First-Gallery/i-ggVwBfZ/0/8a4a848d/S/0005500-R1-E008-S.jpg"
            },
            "OriginalHeight": 1228,
            "OriginalWidth": 1228
        },
        {
            "ImageUrls": {
                "SizeLarge": "https://photos.smugmug.com/My-First-Gallery/i-NQWqzRK/0/18535de5/X3/0005500-R1-E009-X3.jpg",
                "SizeThumb": "https://photos.smugmug.com/My-First-Gallery/i-NQWqzRK/0/18535de5/S/0005500-R1-E009-S.jpg"
            },
            "OriginalHeight": 1228,
            "OriginalWidth": 1228
        },
        {
            "ImageUrls": {
                "SizeLarge": "https://photos.smugmug.com/My-First-Gallery/i-rmqJjmV/0/10d97a79/X3/0005500-R1-E010-X3.jpg",
                "SizeThumb": "https://photos.smugmug.com/My-First-Gallery/i-rmqJjmV/0/10d97a79/S/0005500-R1-E010-S.jpg"
            },
            "OriginalHeight": 1228,
            "OriginalWidth": 1228
        },
        {
            "ImageUrls": {
                "SizeLarge": "https://photos.smugmug.com/My-First-Gallery/i-9bkHCZH/0/832b12fd/X3/IMG_1804-2793354088-O-X3.jpg",
                "SizeThumb": "https://photos.smugmug.com/My-First-Gallery/i-9bkHCZH/0/832b12fd/S/IMG_1804-2793354088-O-S.jpg"
            },
            "OriginalHeight": 3264,
            "OriginalWidth": 2448
        },
        {
            "ImageUrls": {
                "SizeLarge": "https://photos.smugmug.com/My-First-Gallery/i-KjsnRCZ/0/df328279/X3/IMG_1805-2793354393-O-X3.jpg",
                "SizeThumb": "https://photos.smugmug.com/My-First-Gallery/i-KjsnRCZ/0/df328279/S/IMG_1805-2793354393-O-S.jpg"
            },
            "OriginalHeight": 2448,
            "OriginalWidth": 3264
        },
        {
            "ImageUrls": {
                "SizeLarge": "https://photos.smugmug.com/My-First-Gallery/i-CzHkNqm/0/de43e9a1/X3/IMG_1806-2793354002-O-X3.jpg",
                "SizeThumb": "https://photos.smugmug.com/My-First-Gallery/i-CzHkNqm/0/de43e9a1/S/IMG_1806-2793354002-O-S.jpg"
            },
            "OriginalHeight": 2448,
            "OriginalWidth": 2448
        },
        {
            "ImageUrls": {
                "SizeLarge": "https://photos.smugmug.com/My-First-Gallery/i-jtMVnt6/0/08b78ad5/X3/DSC_0511-2791001908-O-X3.jpg",
                "SizeThumb": "https://photos.smugmug.com/My-First-Gallery/i-jtMVnt6/0/08b78ad5/S/DSC_0511-2791001908-O-S.jpg"
            },
            "OriginalHeight": 3008,
            "OriginalWidth": 2000
        },
        {
            "ImageUrls": {
                "SizeLarge": "https://photos.smugmug.com/My-First-Gallery/i-jKww9vR/0/fb725b54/X3/DSC_0512-2791001925-O-X3.jpg",
                "SizeThumb": "https://photos.smugmug.com/My-First-Gallery/i-jKww9vR/0/fb725b54/S/DSC_0512-2791001925-O-S.jpg"
            },
            "OriginalHeight": 3008,
            "OriginalWidth": 2000
        },
        {
            "ImageUrls": {
                "SizeLarge": "https://photos.smugmug.com/My-First-Gallery/i-qcNdgv4/0/290c21c0/X3/DSC_0513-2791001876-O-X3.jpg",
                "SizeThumb": "https://photos.smugmug.com/My-First-Gallery/i-qcNdgv4/0/290c21c0/S/DSC_0513-2791001876-O-S.jpg"
            },
            "OriginalHeight": 2000,
            "OriginalWidth": 3008
        },
        {
            "ImageUrls": {
                "SizeLarge": "https://photos.smugmug.com/My-First-Gallery/i-LHnvJxp/0/f316eee5/X3/DSC_0514-2791002021-O-X3.jpg",
                "SizeThumb": "https://photos.smugmug.com/My-First-Gallery/i-LHnvJxp/0/f316eee5/S/DSC_0514-2791002021-O-S.jpg"
            },
            "OriginalHeight": 2000,
            "OriginalWidth": 3008
        },
        {
            "ImageUrls": {
                "SizeLarge": "https://photos.smugmug.com/My-First-Gallery/i-KLPHhG2/0/b997a4cf/X3/DSC_0515-2791002068-O-X3.jpg",
                "SizeThumb": "https://photos.smugmug.com/My-First-Gallery/i-KLPHhG2/0/b997a4cf/S/DSC_0515-2791002068-O-S.jpg"
            },
            "OriginalHeight": 2000,
            "OriginalWidth": 3008
        },
        {
            "ImageUrls": {
                "SizeLarge": "https://photos.smugmug.com/My-First-Gallery/i-BVcC7gq/0/9e5f8953/X3/DSC_0516-2791002092-O-X3.jpg",
                "SizeThumb": "https://photos.smugmug.com/My-First-Gallery/i-BVcC7gq/0/9e5f8953/S/DSC_0516-2791002092-O-S.jpg"
            },
            "OriginalHeight": 2000,
            "OriginalWidth": 3008
        },
        {
            "ImageUrls": {
                "SizeLarge": "https://photos.smugmug.com/My-First-Gallery/i-S89QJjD/0/ea6bb597/X3/IMG_1925-2793383909-O-X3.jpg",
                "SizeThumb": "https://photos.smugmug.com/My-First-Gallery/i-S89QJjD/0/ea6bb597/S/IMG_1925-2793383909-O-S.jpg"
            },
            "OriginalHeight": 2448,
            "OriginalWidth": 3264
        },
        {
            "ImageUrls": {
                "SizeLarge": "https://photos.smugmug.com/My-First-Gallery/i-qGJtXCz/0/697d0cf1/X3/IMG_1926-2793384132-O-X3.jpg",
                "SizeThumb": "https://photos.smugmug.com/My-First-Gallery/i-qGJtXCz/0/697d0cf1/S/IMG_1926-2793384132-O-S.jpg"
            },
            "OriginalHeight": 2448,
            "OriginalWidth": 3264
        },
        {
            "ImageUrls": {
                "SizeLarge": "https://photos.smugmug.com/My-First-Gallery/i-b4ZRMNn/0/474621f8/X3/IMG_1927-2793384224-O-X3.jpg",
                "SizeThumb": "https://photos.smugmug.com/My-First-Gallery/i-b4ZRMNn/0/474621f8/S/IMG_1927-2793384224-O-S.jpg"
            },
            "OriginalHeight": 2448,
            "OriginalWidth": 3264
        },
        {
            "ImageUrls": {
                "SizeLarge": "https://photos.smugmug.com/My-First-Gallery/i-D4Vt5VH/0/90806c38/X3/IMG_1928-2793384312-O-X3.jpg",
                "SizeThumb": "https://photos.smugmug.com/My-First-Gallery/i-D4Vt5VH/0/90806c38/S/IMG_1928-2793384312-O-S.jpg"
            },
            "OriginalHeight": 2448,
            "OriginalWidth": 3264
        },
        {
            "ImageUrls": {
                "SizeLarge": "https://photos.smugmug.com/My-First-Gallery/i-f2gsx75/0/7040ed24/X3/IMG_1929-2793384752-O-X3.jpg",
                "SizeThumb": "https://photos.smugmug.com/My-First-Gallery/i-f2gsx75/0/7040ed24/S/IMG_1929-2793384752-O-S.jpg"
            },
            "OriginalHeight": 2448,
            "OriginalWidth": 3264
        },
        {
            "ImageUrls": {
                "SizeLarge": "https://photos.smugmug.com/My-First-Gallery/i-8SrVWFM/0/b8267738/X3/IMG_1930-2793384786-O-X3.jpg",
                "SizeThumb": "https://photos.smugmug.com/My-First-Gallery/i-8SrVWFM/0/b8267738/S/IMG_1930-2793384786-O-S.jpg"
            },
            "OriginalHeight": 2448,
            "OriginalWidth": 3264
        },
        {
            "ImageUrls": {
                "SizeLarge": "https://photos.smugmug.com/My-First-Gallery/i-bCnV628/0/26609b29/L/_DSC0003-L.jpg"
            },
            "OriginalHeight": 1080,
            "OriginalWidth": 1920
        },
        {
            "ImageUrls": {
                "SizeLarge": "https://photos.smugmug.com/My-First-Gallery/i-ZctN6gc/0/18d5b2f8/L/_DSC0004-L.jpg"
            },
            "OriginalHeight": 1080,
            "OriginalWidth": 1920
        },
        {
            "ImageUrls": {
                "SizeLarge": "https://photos.smugmug.com/My-First-Gallery/i-xGqdwmJ/0/dc672476/L/_DSC0007-L.jpg"
            },
            "OriginalHeight": 1080,
            "OriginalWidth": 1920
        },
        {
            "ImageUrls": {
                "SizeLarge": "https://photos.smugmug.com/My-First-Gallery/i-r4zk3fr/0/d90600d6/L/_DSC0008-L.jpg"
            },
            "OriginalHeight": 1080,
            "OriginalWidth": 1920
        },
        {
            "ImageUrls": {
                "SizeLarge": "https://photos.smugmug.com/My-First-Gallery/i-fgK2CzP/0/dc774db9/L/_DSC0001-L.jpg"
            },
            "OriginalHeight": 1080,
            "OriginalWidth": 1920
        },
        {
            "ImageUrls": {
                "SizeLarge": "https://photos.smugmug.com/My-First-Gallery/i-rfxdwSk/0/b4a022e6/X3/DSC01736-X3.jpg",
                "SizeThumb": "https://photos.smugmug.com/My-First-Gallery/i-rfxdwSk/0/b4a022e6/S/DSC01736-S.jpg"
            },
            "OriginalHeight": 4000,
            "OriginalWidth": 6000
        },
        {
            "ImageUrls": {
                "SizeLarge": "https://photos.smugmug.com/My-First-Gallery/i-D3BQJXP/0/710f5d01/X3/DSC01737-X3.jpg",
                "SizeThumb": "https://photos.smugmug.com/My-First-Gallery/i-D3BQJXP/0/710f5d01/S/DSC01737-S.jpg"
            },
            "OriginalHeight": 4000,
            "OriginalWidth": 6000
        },
        {
            "ImageUrls": {
                "SizeLarge": "https://photos.smugmug.com/My-First-Gallery/i-qtcWw4B/0/b02ebff0/X3/DSC01739-X3.jpg",
                "SizeThumb": "https://photos.smugmug.com/My-First-Gallery/i-qtcWw4B/0/b02ebff0/S/DSC01739-S.jpg"
            },
            "OriginalHeight": 4000,
            "OriginalWidth": 6000
        },
        {
            "ImageUrls": {
                "SizeLarge": "https://photos.smugmug.com/My-First-Gallery/i-qzJLQWW/0/417e1f80/X3/DSC01745-X3.jpg",
                "SizeThumb": "https://photos.smugmug.com/My-First-Gallery/i-qzJLQWW/0/417e1f80/S/DSC01745-S.jpg"
            },
            "OriginalHeight": 4000,
            "OriginalWidth": 6000
        },
        {
            "ImageUrls": {
                "SizeLarge": "https://photos.smugmug.com/My-First-Gallery/i-n3dQkX7/0/636f4f93/X3/DSC01748-X3.jpg",
                "SizeThumb": "https://photos.smugmug.com/My-First-Gallery/i-n3dQkX7/0/636f4f93/S/DSC01748-S.jpg"
            },
            "OriginalHeight": 4000,
            "OriginalWidth": 6000
        },
        {
            "ImageUrls": {
                "SizeLarge": "https://photos.smugmug.com/My-First-Gallery/i-56kCwBL/0/785cb49f/X3/DSC06978-X3.jpg",
                "SizeThumb": "https://photos.smugmug.com/My-First-Gallery/i-56kCwBL/0/785cb49f/S/DSC06978-S.jpg"
            },
            "OriginalHeight": 4000,
            "OriginalWidth": 6000
        },
        {
            "ImageUrls": {
                "SizeLarge": "https://photos.smugmug.com/My-First-Gallery/i-ngXPvnN/0/4fb33147/X3/DSC06984-X3.jpg",
                "SizeThumb": "https://photos.smugmug.com/My-First-Gallery/i-ngXPvnN/0/4fb33147/S/DSC06984-S.jpg"
            },
            "OriginalHeight": 4000,
            "OriginalWidth": 6000
        },
        {
            "ImageUrls": {
                "SizeLarge": "https://photos.smugmug.com/My-First-Gallery/i-9dSXRm7/0/e5c601f3/X3/DSC07044-X3.jpg",
                "SizeThumb": "https://photos.smugmug.com/My-First-Gallery/i-9dSXRm7/0/e5c601f3/S/DSC07044-S.jpg"
            },
            "OriginalHeight": 4000,
            "OriginalWidth": 6000
        },
        {
            "ImageUrls": {
                "SizeLarge": "https://photos.smugmug.com/My-First-Gallery/i-vxt8f7D/0/c41e819b/X3/DSC07049-X3.jpg",
                "SizeThumb": "https://photos.smugmug.com/My-First-Gallery/i-vxt8f7D/0/c41e819b/S/DSC07049-S.jpg"
            },
            "OriginalHeight": 3997,
            "OriginalWidth": 2538
        },
        {
            "ImageUrls": {
                "SizeLarge": "https://photos.smugmug.com/My-First-Gallery/i-TCxWcFZ/0/70d8c7c7/X3/DSC07051-X3.jpg",
                "SizeThumb": "https://photos.smugmug.com/My-First-Gallery/i-TCxWcFZ/0/70d8c7c7/S/DSC07051-S.jpg"
            },
            "OriginalHeight": 4000,
            "OriginalWidth": 6000
        },
        {
            "ImageUrls": {
                "SizeLarge": "https://photos.smugmug.com/My-First-Gallery/i-fN5MWdS/0/8eeb6a9f/X3/DSC07056-X3.jpg",
                "SizeThumb": "https://photos.smugmug.com/My-First-Gallery/i-fN5MWdS/0/8eeb6a9f/S/DSC07056-S.jpg"
            },
            "OriginalHeight": 4000,
            "OriginalWidth": 6000
        },
        {
            "ImageUrls": {
                "SizeLarge": "https://photos.smugmug.com/My-First-Gallery/i-8BFk2rV/0/acfe4b8d/X3/DSC07058-X3.jpg",
                "SizeThumb": "https://photos.smugmug.com/My-First-Gallery/i-8BFk2rV/0/acfe4b8d/S/DSC07058-S.jpg"
            },
            "OriginalHeight": 4000,
            "OriginalWidth": 6000
        },
        {
            "ImageUrls": {
                "SizeLarge": "https://photos.smugmug.com/My-First-Gallery/i-VLwLstx/0/d2a9e05b/X3/DSC00042-X3.jpg",
                "SizeThumb": "https://photos.smugmug.com/My-First-Gallery/i-VLwLstx/0/d2a9e05b/S/DSC00042-S.jpg"
            },
            "OriginalHeight": 4000,
            "OriginalWidth": 6000
        },
        {
            "ImageUrls": {
                "SizeLarge": "https://photos.smugmug.com/My-First-Gallery/i-HCmbJdJ/0/043ed38a/X3/DSC00044-X3.jpg",
                "SizeThumb": "https://photos.smugmug.com/My-First-Gallery/i-HCmbJdJ/0/043ed38a/S/DSC00044-S.jpg"
            },
            "OriginalHeight": 4000,
            "OriginalWidth": 6000
        },
        {
            "ImageUrls": {
                "SizeLarge": "https://photos.smugmug.com/My-First-Gallery/i-rf9RPcZ/0/5c1d82db/X3/DSC00047-X3.jpg",
                "SizeThumb": "https://photos.smugmug.com/My-First-Gallery/i-rf9RPcZ/0/5c1d82db/S/DSC00047-S.jpg"
            },
            "OriginalHeight": 4000,
            "OriginalWidth": 6000
        },
        {
            "ImageUrls": {
                "SizeLarge": "https://photos.smugmug.com/My-First-Gallery/i-B5hcJZJ/0/e50ab3cd/X3/DSC00049-X3.jpg",
                "SizeThumb": "https://photos.smugmug.com/My-First-Gallery/i-B5hcJZJ/0/e50ab3cd/S/DSC00049-S.jpg"
            },
            "OriginalHeight": 3693,
            "OriginalWidth": 5539
        },
        {
            "ImageUrls": {
                "SizeLarge": "https://photos.smugmug.com/My-First-Gallery/i-3jKPzXr/0/4251d7e3/X3/DSC00052-X3.jpg",
                "SizeThumb": "https://photos.smugmug.com/My-First-Gallery/i-3jKPzXr/0/4251d7e3/S/DSC00052-S.jpg"
            },
            "OriginalHeight": 4000,
            "OriginalWidth": 6000
        },
        {
            "ImageUrls": {
                "SizeLarge": "https://photos.smugmug.com/My-First-Gallery/i-pRhwx9M/0/939d480b/X3/DSC00061-X3.jpg",
                "SizeThumb": "https://photos.smugmug.com/My-First-Gallery/i-pRhwx9M/0/939d480b/S/DSC00061-S.jpg"
            },
            "OriginalHeight": 4000,
            "OriginalWidth": 6000
        },
        {
            "ImageUrls": {
                "SizeLarge": "https://photos.smugmug.com/My-First-Gallery/i-T8bFMFN/0/beb349d3/X3/DSC00066-X3.jpg",
                "SizeThumb": "https://photos.smugmug.com/My-First-Gallery/i-T8bFMFN/0/beb349d3/S/DSC00066-S.jpg"
            },
            "OriginalHeight": 4000,
            "OriginalWidth": 6000
        },
        {
            "ImageUrls": {
                "SizeLarge": "https://photos.smugmug.com/My-First-Gallery/i-Rh5XzrP/0/d3926284/X3/DSC00068-X3.jpg",
                "SizeThumb": "https://photos.smugmug.com/My-First-Gallery/i-Rh5XzrP/0/d3926284/S/DSC00068-S.jpg"
            },
            "OriginalHeight": 6000,
            "OriginalWidth": 4000
        },
        {
            "ImageUrls": {
                "SizeLarge": "https://photos.smugmug.com/My-First-Gallery/i-sj7nDgg/0/7953aba2/X3/DSC00077-X3.jpg",
                "SizeThumb": "https://photos.smugmug.com/My-First-Gallery/i-sj7nDgg/0/7953aba2/S/DSC00077-S.jpg"
            },
            "OriginalHeight": 4000,
            "OriginalWidth": 6000
        },
        {
            "ImageUrls": {
                "SizeLarge": "https://photos.smugmug.com/My-First-Gallery/i-8JqpTWt/0/fa280285/X3/DSC00081-X3.jpg",
                "SizeThumb": "https://photos.smugmug.com/My-First-Gallery/i-8JqpTWt/0/fa280285/S/DSC00081-S.jpg"
            },
            "OriginalHeight": 6000,
            "OriginalWidth": 4000
        },
        {
            "ImageUrls": {
                "SizeLarge": "https://photos.smugmug.com/My-First-Gallery/i-NxjM3gF/0/ef3ee06e/X3/DSC00086-X3.jpg",
                "SizeThumb": "https://photos.smugmug.com/My-First-Gallery/i-NxjM3gF/0/ef3ee06e/S/DSC00086-S.jpg"
            },
            "OriginalHeight": 4000,
            "OriginalWidth": 6000
        },
        {
            "ImageUrls": {
                "SizeLarge": "https://photos.smugmug.com/My-First-Gallery/i-2PdL8Gp/0/b365d519/X3/DSC00090-X3.jpg",
                "SizeThumb": "https://photos.smugmug.com/My-First-Gallery/i-2PdL8Gp/0/b365d519/S/DSC00090-S.jpg"
            },
            "OriginalHeight": 4000,
            "OriginalWidth": 6000
        },
        {
            "ImageUrls": {
                "SizeLarge": "https://photos.smugmug.com/My-First-Gallery/i-n3gMRqn/0/ceccbe33/X3/DSC00091-X3.jpg",
                "SizeThumb": "https://photos.smugmug.com/My-First-Gallery/i-n3gMRqn/0/ceccbe33/S/DSC00091-S.jpg"
            },
            "OriginalHeight": 4000,
            "OriginalWidth": 6000
        },
        {
            "ImageUrls": {
                "SizeLarge": "https://photos.smugmug.com/My-First-Gallery/i-ZdhbbFH/0/74563175/X3/DSC00095-X3.jpg",
                "SizeThumb": "https://photos.smugmug.com/My-First-Gallery/i-ZdhbbFH/0/74563175/S/DSC00095-S.jpg"
            },
            "OriginalHeight": 6000,
            "OriginalWidth": 4000
        },
        {
            "ImageUrls": {
                "SizeLarge": "https://photos.smugmug.com/My-First-Gallery/i-r4dLnJL/0/c2c4756c/X3/DSC00104-X3.jpg",
                "SizeThumb": "https://photos.smugmug.com/My-First-Gallery/i-r4dLnJL/0/c2c4756c/S/DSC00104-S.jpg"
            },
            "OriginalHeight": 4000,
            "OriginalWidth": 6000
        },
        {
            "ImageUrls": {
                "SizeLarge": "https://photos.smugmug.com/My-First-Gallery/i-8w9fmfh/0/81185e5f/X3/DSC00157-X3.jpg",
                "SizeThumb": "https://photos.smugmug.com/My-First-Gallery/i-8w9fmfh/0/81185e5f/S/DSC00157-S.jpg"
            },
            "OriginalHeight": 4000,
            "OriginalWidth": 6000
        },
        {
            "ImageUrls": {
                "SizeLarge": "https://photos.smugmug.com/My-First-Gallery/i-Lp4hG3v/0/35d305b5/X3/DSC00158-X3.jpg",
                "SizeThumb": "https://photos.smugmug.com/My-First-Gallery/i-Lp4hG3v/0/35d305b5/S/DSC00158-S.jpg"
            },
            "OriginalHeight": 6000,
            "OriginalWidth": 4000
        },
        {
            "ImageUrls": {
                "SizeLarge": "https://photos.smugmug.com/My-First-Gallery/i-WNwfNjX/0/b645a84c/X3/DSC00159-X3.jpg",
                "SizeThumb": "https://photos.smugmug.com/My-First-Gallery/i-WNwfNjX/0/b645a84c/S/DSC00159-S.jpg"
            },
            "OriginalHeight": 6000,
            "OriginalWidth": 4000
        },
        {
            "ImageUrls": {
                "SizeLarge": "https://photos.smugmug.com/My-First-Gallery/i-xbDwpXX/0/c843e0c4/X3/DSC00160-X3.jpg",
                "SizeThumb": "https://photos.smugmug.com/My-First-Gallery/i-xbDwpXX/0/c843e0c4/S/DSC00160-S.jpg"
            },
            "OriginalHeight": 3557,
            "OriginalWidth": 3557
        },
        {
            "ImageUrls": {
                "SizeLarge": "https://photos.smugmug.com/My-First-Gallery/i-7d87Gvd/0/e2f092b8/X3/DSC00164-X3.jpg",
                "SizeThumb": "https://photos.smugmug.com/My-First-Gallery/i-7d87Gvd/0/e2f092b8/S/DSC00164-S.jpg"
            },
            "OriginalHeight": 6000,
            "OriginalWidth": 4000
        },
        {
            "ImageUrls": {
                "SizeLarge": "https://photos.smugmug.com/My-First-Gallery/i-zcR75G6/0/b7680146/X3/DSC00166-X3.jpg",
                "SizeThumb": "https://photos.smugmug.com/My-First-Gallery/i-zcR75G6/0/b7680146/S/DSC00166-S.jpg"
            },
            "OriginalHeight": 6000,
            "OriginalWidth": 4000
        },
        {
            "ImageUrls": {
                "SizeLarge": "https://photos.smugmug.com/My-First-Gallery/i-LDWXPKS/0/85b6b8bb/X3/DSC00464-X3.jpg",
                "SizeThumb": "https://photos.smugmug.com/My-First-Gallery/i-LDWXPKS/0/85b6b8bb/S/DSC00464-S.jpg"
            },
            "OriginalHeight": 4000,
            "OriginalWidth": 6000
        },
        {
            "ImageUrls": {
                "SizeLarge": "https://photos.smugmug.com/My-First-Gallery/i-Fd8VNrP/0/e47bb678/X3/DSC00467-X3.jpg",
                "SizeThumb": "https://photos.smugmug.com/My-First-Gallery/i-Fd8VNrP/0/e47bb678/S/DSC00467-S.jpg"
            },
            "OriginalHeight": 4000,
            "OriginalWidth": 6000
        },
        {
            "ImageUrls": {
                "SizeLarge": "https://photos.smugmug.com/My-First-Gallery/i-whB46s6/0/040ef527/X3/DSC00478-X3.jpg",
                "SizeThumb": "https://photos.smugmug.com/My-First-Gallery/i-whB46s6/0/040ef527/S/DSC00478-S.jpg"
            },
            "OriginalHeight": 4000,
            "OriginalWidth": 3200
        },
        {
            "ImageUrls": {
                "SizeLarge": "https://photos.smugmug.com/My-First-Gallery/i-wFgtwp5/0/5b0f0c75/X3/DSC00480-X3.jpg",
                "SizeThumb": "https://photos.smugmug.com/My-First-Gallery/i-wFgtwp5/0/5b0f0c75/S/DSC00480-S.jpg"
            },
            "OriginalHeight": 4000,
            "OriginalWidth": 6000
        },
        {
            "ImageUrls": {
                "SizeLarge": "https://photos.smugmug.com/My-First-Gallery/i-DLwDRBD/0/18215bdd/X3/DSC00484-X3.jpg",
                "SizeThumb": "https://photos.smugmug.com/My-First-Gallery/i-DLwDRBD/0/18215bdd/S/DSC00484-S.jpg"
            },
            "OriginalHeight": 4000,
            "OriginalWidth": 6000
        },
        {
            "ImageUrls": {
                "SizeLarge": "https://photos.smugmug.com/My-First-Gallery/i-JXhKjMv/0/0173fd0b/X3/DSC00487-X3.jpg",
                "SizeThumb": "https://photos.smugmug.com/My-First-Gallery/i-JXhKjMv/0/0173fd0b/S/DSC00487-S.jpg"
            },
            "OriginalHeight": 4000,
            "OriginalWidth": 5000
        },
        {
            "ImageUrls": {
                "SizeLarge": "https://photos.smugmug.com/My-First-Gallery/i-SXx5NGC/0/3642dc50/X3/DSC00489-X3.jpg",
                "SizeThumb": "https://photos.smugmug.com/My-First-Gallery/i-SXx5NGC/0/3642dc50/S/DSC00489-S.jpg"
            },
            "OriginalHeight": 4000,
            "OriginalWidth": 6000
        },
        {
            "ImageUrls": {
                "SizeLarge": "https://photos.smugmug.com/My-First-Gallery/i-Vf2ZWvL/0/5176a108/X3/DSC00490-X3.jpg",
                "SizeThumb": "https://photos.smugmug.com/My-First-Gallery/i-Vf2ZWvL/0/5176a108/S/DSC00490-S.jpg"
            },
            "OriginalHeight": 4000,
            "OriginalWidth": 6000
        },
        {
            "ImageUrls": {
                "SizeLarge": "https://photos.smugmug.com/My-First-Gallery/i-gJ7D6Gd/0/f6b85cf0/X3/DSC00491-X3.jpg",
                "SizeThumb": "https://photos.smugmug.com/My-First-Gallery/i-gJ7D6Gd/0/f6b85cf0/S/DSC00491-S.jpg"
            },
            "OriginalHeight": 4000,
            "OriginalWidth": 5000
        },
        {
            "ImageUrls": {
                "SizeLarge": "https://photos.smugmug.com/My-First-Gallery/i-JHHf4MQ/0/af12d502/X3/DSC00492-X3.jpg",
                "SizeThumb": "https://photos.smugmug.com/My-First-Gallery/i-JHHf4MQ/0/af12d502/S/DSC00492-S.jpg"
            },
            "OriginalHeight": 4000,
            "OriginalWidth": 6000
        }
    ],
    "Count": 68
}